stock_name,hold_num
贵州茅台,2437
宁德时代,1752
五粮液,1164
泸州老窖,1072
比亚迪,780
招商银行,737
中国中免,721
阳光电源,710
立讯精密,685
亿纬锂能,670
迈瑞医疗,667
中国平安,663
宁波银行,657
隆基绿能,625
东方财富,590
山西汾酒,559
药明康德,556
保利发展,538
美的集团,481
兴业银行,460
紫金矿业,431
晶澳科技,426
紫光国微,416
海康威视,415
平安银行,402
万科A,400
爱尔眼科,398
天合光能,397
伊利股份,371
万华化学,366
顺丰控股,366
金山办公,356
恒瑞医药,355
长江电力,349
爱美客,342
海尔智家,319
中信证券,317
洋河股份,311
恒生电子,296
汇川技术,295
华鲁恒升,292
派能科技,287
中航光电,284
纳思达,271
智飞生物,268
中国建筑,257
安井食品,256
古井贡酒,255
泰格医药,252
中航重机,250
东方电缆,246
北方华创,239
人福医药,238
振华科技,237
东方雨虹,236
格力电器,236
鹏辉能源,235
固德威,229
德业股份,228
陕西煤业,223
温氏股份,223
分众传媒,218
石英股份,216
通威股份,214
中国人寿,214
锦浪科技,211
华东医药,208
招商蛇口,208
海大集团,206
江苏银行,205
TCL中环,204
广联达,198
康龙化成,198
中国国航,196
上海机场,195
中国神华,193
金地集团,188
青岛啤酒,188
天齐锂业,184
工商银行,183
伯特利,182
今世缘,181
兆易创新,179
舍得酒业,178
中国移动,178
重庆啤酒,174
邮储银行,173
华友钴业,172
西部超导,170
圣邦股份,168
广汇能源,166
中国海油,166
晶盛机电,160
华能国际,159
中天科技,159
恩捷股份,158
牧原股份,156
科士达,154
中国软件,152
澜起科技,152
开立医疗,151
通策医疗,150
赣锋锂业,150
深信服,149
三环集团,145
中科创达,145
东山精密,144
成都银行,143
福斯特,143
亨通光电,142
绝味食品,142
锦江酒店,141
菲利华,137
中国船舶,137
赛轮轮胎,134
常熟银行,134
中国太保,133
国联股份,132
中兴通讯,131
捷佳伟创,131
晶科能源,130
拓普集团,129
福耀玻璃,129
三一重工,128
广发证券,126
九洲药业,125
迈为股份,125
科伦药业,125
海螺水泥,123
欧派家居,122
华海药业,121
春秋航空,120
禾迈股份,120
中航沈飞,119
光威复材,118
圆通速递,118
大金重工,118
三花智控,117
用友网络,116
东方电气,116
爱旭股份,114
华电国际,114
长春高新,112
卓胜微,112
顾家家居,110
科华数据,110
杭州银行,109
华恒生物,109
苏试试验,107
建发股份,107
奕瑞科技,107
中国核电,107
奥特维,106
昱能科技,106
中控技术,106
杭氧股份,105
迎驾贡酒,105
天赐材料,104
尚太科技,104
片仔癀,102
兖矿能源,101
中国电信,101
首旅酒店,100
凯莱英,100
吉祥航空,98
宝信软件,97
安琪酵母,96
华泰证券,96
京沪高铁,95
伟星新材,94
百润股份,93
华大九天,93
瑞丰新材,93
中微公司,91
中炬高新,91
同仁堂,90
科达利,90
法拉电子,89
赤峰黄金,89
银泰黄金,89
旗滨集团,89
斯达半导,89
贝泰妮,89
山东黄金,88
明阳智能,88
永兴材料,87
南方航空,87
宏发股份,87
大北农,87
航天电器,87
华润三九,86
中国电建,85
老白干酒,85
航发动力,85
钧达股份,84
农业银行,84
益丰药房,83
三七互娱,83
苏州银行,82
新雷能,82
三峡能源,81
海天味业,81
普瑞眼科,81
建设银行,81
巨化股份,80
恒立液压,80
继峰股份,80
抚顺特钢,79
鸿路钢构,79
璞泰来,79
华测检测,78
江海股份,77
环旭电子,77
德方纳米,77
复旦微电,76
新莱应材,76
珀莱雅,76
联影医疗,76
思源电气,75
长川科技,75
高测股份,75
传音控股,75
意华股份,74
明泰铝业,74
国际医学,73
金域医学,72
德赛西威,72
王府井,72
融捷股份,72
海泰新光,72
中航西飞,71
闻泰科技,70
新宙邦,70
中远海能,69
中芯国际,69
交通银行,69
海信视像,69
天顺风能,68
晨光股份,68
神火股份,68
鼎龙股份,68
新点软件,67
新城控股,67
南京银行,67
爱博医疗,67
新泉股份,67
大秦铁路,66
圣农发展,66
江丰电子,66
恩华药业,65
太极集团,65
一心堂,65
南网科技,65
久立特材,64
中矿资源,64
燕京啤酒,64
双环传动,64
大参林,63
东威科技,63
星源材质,63
先导智能,63
天山铝业,63
思瑞浦,63
晶晨股份,63
中航高科,62
聚光科技,62
航天宏图,62
星宇股份,61
山西焦煤,61
七一二,61
华熙生物,61
中国中铁,60
宋城演艺,60
春风动力,60
华宝新能,60
欣旺达,60
钢研高纳,60
百济神州-U,59
三角防务,59
亿联网络,58
三星医疗,58
金禾实业,58
航宇科技,58
普洛药业,57
华发股份,57
中国联通,57
吉比特,57
东方证券,57
比音勒芬,57
卫星化学,57
老板电器,57
鹏鼎控股,57
长安汽车,56
裕同科技,56
杰瑞股份,56
TCL科技,55
鱼跃医疗,55
湘电股份,55
特变电工,55
韦尔股份,55
正泰电器,55
纳芯微,55
浙江鼎力,55
同花顺,55
中国东航,55
京东方A,55
拓荆科技-U,54
卫宁健康,54
华域汽车,54
景津装备,54
广立微,54
沃森生物,53
招商南油,53
白云机场,53
国电南瑞,53
聚辰股份,53
扬农化工,53
鸿远电子,53
迪威尔,53
华峰测控,52
隆平高科,52
澳华内镜,51
华大智造,51
顺络电子,51
电科网安,51
太阳纸业,50
天奈科技,50
航发控制,50
东阿阿胶,50
云铝股份,50
荣盛石化,50
天华超净,50
芯源微,49
富创精密,49
巨星农牧,49
中国重汽,49
美迪西,49
三诺生物,49
韵达股份,49
海优新材,49
联化科技,48
芒果超媒,48
济川药业,48
盛路通信,47
惠泰医疗,47
欧晶科技,47
安图生物,47
中国化学,47
远光软件,47
创业慧康,46
中国汽研,46
坚朗五金,46
鸣志电器,46
金钼股份,46
潞安环能,46
联赢激光,46
宝钢股份,46
天马科技,46
乐普医疗,46
药石科技,45
山煤国际,45
高能环境,45
石头科技,45
心脉医疗,45
恒力石化,45
图南股份,45
祥鑫科技,45
欧普康视,45
时代电气,45
鼎胜新材,45
中科江南,45
酒鬼酒,44
桐昆股份,44
中国铁建,44
中国石化,44
盛弘股份,44
雅化集团,44
顶点软件,43
天地科技,43
华厦眼科,43
东诚药业,43
润丰股份,43
招商轮船,43
正帆科技,42
梅花生物,42
海通证券,42
湖南黄金,42
双汇发展,42
远兴能源,42
华秦科技,42
中钨高新,42
国联证券,42
中国巨石,42
双良节能,42
常熟汽饰,41
水晶光电,41
启明星辰,41
振华风光,41
盟升电子,41
上海电力,41
东鹏饮料,41
玲珑轮胎,41
帝尔激光,41
英维克,41
华荣股份,41
索通发展,40
万泰生物,40
老百姓,40
爱柯迪,40
三安光电,40
兔宝宝,40
山东药玻,40
神州数码,40
泰和新材,39
中金黄金,39
光大银行,39
君实生物-U,39
安集科技,39
中煤能源,39
江特电机,39
振芯科技,39
银轮股份,39
万润股份,39
三棵树,39
昭衍新药,39
海容冷链,39
中国银行,38
伟星股份,38
口子窖,38
森麒麟,38
瀚蓝环境,38
志邦家居,38
健之佳,38
立高食品,38
精功科技,38
周大生,38
太极股份,37
海信家电,37
国泰君安,37
禾望电气,37
洛阳钼业,36
铂科新材,36
索菲亚,36
新和成,36
西藏矿业,36
达仁堂,36
柏楚电子,36
蓝晓科技,36
中信博,36
润建股份,36
盐湖股份,36
中航机电,35
新产业,35
安恒信息,35
德邦股份,35
睿创微纳,35
旭升集团,35
士兰微,35
宝丰能源,35
骄成超声,35
科大讯飞,35
致远互联,34
金诚信,34
当升科技,34
科锐国际,34
百利天恒-U,34
福能股份,34
兴业证券,34
国电电力,34
科思股份,34
中直股份,34
华菱钢铁,34
荣昌生物,34
华夏航空,33
中科电气,33
德新科技,33
云南铜业,33
紫光股份,33
老凤祥,33
登海种业,33
陕鼓动力,33
赛意信息,32
新凤鸣,32
日月股份,32
天宜上佳,32
帝奥微,32
洽洽食品,32
亚钾国际,32
平煤股份,31
国瓷材料,31
中信特钢,31
潍柴动力,31
康缘药业,31
永创智能,31
川仪股份,31
中牧股份,31
扬杰科技,31
厦门钨业,31
横店东磁,31
中顺洁柔,30
隆盛科技,30
华贸物流,30
我武生物,30
安路科技-U,30
盾安环境,30
中旗股份,30
喜临门,30
皓元医药,30
千禾味业,30
昊华科技,30
西藏珠峰,30
淮北矿业,30
粤电力A,30
兴齐眼药,30
芯碁微装,30
广汇物流,30
宝新能源,30
广汽集团,30
中瓷电子,29
永泰能源,29
海光信息,29
招商证券,29
新洋丰,29
金博股份,29
国投电力,29
健帆生物,29
科沃斯,29
利尔化学,29
中国能建,29
宏微科技,29
容知日新,29
兴发集团,29
景旺电子,29
科顺股份,29
聚和材料,28
天坛生物,28
特宝生物,28
视源股份,28
千味央厨,28
宏华数科,28
博腾股份,28
东微半导,28
华特达因,28
盐津铺子,28
长城汽车,28
保隆科技,28
宇信科技,28
中际旭创,28
吉大正元,28
华懋科技,28
水井坊,28
汤臣倍健,28
万丰奥威,27
川恒股份,27
峰岹科技,27
雅克科技,27
电连技术,27
滨江集团,27
中国人保,27
复星医药,27
卫信康,27
东吴证券,27
川投能源,27
三一重能,27
科陆电子,27
北方稀土,27
铭利达,27
天康生物,27
博实股份,27
天润乳业,26
普源精电-U,26
同和药业,26
华利集团,26
贝达药业,26
仙琚制药,26
阳光诺和,26
浦发银行,26
仕净科技,26
新宝股份,26
云南白药,26
杰华特,26
格林美,26
锐科激光,26
苑东生物,26
宇邦新材,26
佐力药业,26
国博电子,26
明冠新材,25
震安科技,25
中国交建,25
应流股份,25
新奥股份,25
立华股份,25
石基信息,25
源杰科技,25
中青旅,25
拱东医疗,25
民生银行,25
华阳股份,25
佳缘科技,25
新劲刚,25
华锐精密,25
华峰铝业,25
东方盛虹,25
诺诚健华-U,25
南都电源,25
金雷股份,25
沪电股份,25
中简科技,25
华铁应急,25
洁美科技,24
良信股份,24
芯朋微,24
威腾电气,24
派克新材,24
艾华集团,24
许继电气,24
美畅股份,24
网宿科技,24
中南传媒,24
利安隆,24
炬华科技,24
移远通信,24
普莱柯,24
晨光生物,24
萤石网络,24
厦门象屿,24
桂冠电力,24
皇马科技,23
四川路桥,23
ST泛微,23
大全能源,23
兴通股份,23
甘源食品,23
东材科技,23
盛新锂能,23
涪陵榨菜,23
东阳光,23
山东高速,23
明月镜片,23
江苏金租,23
均胜电子,23
科前生物,23
广联航空,23
金种子酒,23
丽珠集团,23
健麾信息,22
佰仁医疗,22
宝钛股份,22
汉钟精机,22
迪安诊断,22
通灵股份,22
中望软件,22
天铁股份,22
中国铝业,22
天味食品,22
泰恩康,22
中复神鹰,22
华新水泥,22
嘉友国际,22
中远海控,22
黑猫股份,22
内蒙华电,22
金盘科技,22
国茂股份,22
信立泰,22
瑞可达,22
利元亨,21
海力风电,21
三未信安,21
九典制药,21
上汽集团,21
川宁生物,21
科博达,21
川能动力,21
元力股份,21
聚胶股份,21
中信建投,21
东方电子,21
伊力特,21
斯莱克,21
博雅生物,21
健康元,21
宏川智慧,21
京新药业,21
北方导航,21
工业富联,21
华能水电,20
美年健康,20
文灿股份,20
红日药业,20
上机数控,20
龙芯中科,20
濮阳惠成,20
大华股份,20
顺鑫农业,20
燕东微,20
上海医药,20
密尔克卫,20
新易盛,20
科达制造,20
福莱特,20
国光电气,20
火炬电子,20
众生药业,20
普利特,20
臻镭科技,20
怡和嘉业,20
绿的谐波,20
联创电子,19
三美股份,19
江河集团,19
中鼎股份,19
羚锐制药,19
三利谱,19
嘉必优,19
唐山港,19
志特新材,19
凯因科技,19
奇安信-U,19
国能日新,19
华海清科,19
同庆楼,19
新强联,19
遥望科技,19
麒麟信安,19
路维光电,19
悦康药业,19
长盈精密,19
盛天网络,19
寿仙谷,19
新风光,19
中密控股,19
微电生理-U,19
海目星,18
九号公司-WD,18
吉林碳谷,18
东方电热,18
甬金股份,18
巨星科技,18
康恩贝,18
绿能慧充,18
航天彩虹,18
四川双马,18
盛达资源,18
郑煤机,18
键凯科技,18
朗新科技,18
中信银行,18
国金证券,18
海油工程,18
四维图新,18
星环科技-U,18
经纬恒润-W,18
中兵红箭,18
新华医疗,18
华测导航,18
麦格米特,18
百克生物,17
天能股份,17
华统股份,17
至纯科技,17
葵花药业,17
上声电子,17
爱玛科技,17
广东鸿图,17
安科瑞,17
芯能科技,17
和而泰,17
普冉股份,17
林洋能源,17
连城数控,17
菲沃泰,17
福田汽车,17
小熊电器,17
指南针,17
新华保险,17
光线传媒,17
广州酒家,17
维力医疗,17
信安世纪,17
迪哲医药-U,17
兴森科技,17
江波龙,17
中国石油,17
普利制药,17
中国广核,16
行动教育,16
晶品特装,16
光启技术,16
浪潮信息,16
万马股份,16
怡合达,16
海澜之家,16
云海金属,16
贝特瑞,16
精测电子,16
龙元建设,16
北新建材,16
宁沪高速,16
劲嘉股份,16
欧科亿,16
海利尔,16
合盛硅业,16
中熔电气,16
江阴银行,16
歌尔股份,16
坤恒顺维,16
爱乐达,16
青鸟消防,16
国邦医药,16
安科生物,16
广宇发展,16
荃银高科,16
德邦科技,16
华侨城A,16
北京城乡,16
美联新材,16
美好医疗,16
中科环保,16
山河药辅,16
光大证券,16
思科瑞,16
公牛集团,15
西部材料,15
中孚信息,15
博汇纸业,15
拓邦股份,15
海尔生物,15
福瑞股份,15
恒润股份,15
聚合顺,15
斯迪克,15
浙商银行,15
豪迈科技,15
中科三环,15
百诚医药,15
北京君正,15
海晨股份,15
三旺通信,15
东华测试,15
铜陵有色,15
凤凰传媒,15
精研科技,15
首创证券,15
龙佰集团,15
兴瑞科技,15
国科微,15
仙鹤股份,15
东方通,15
普联软件,15
建龙微纳,15
宁波华翔,15
鲁阳节能,15
金陵饭店,15
永冠新材,15
中国中车,15
坤彩科技,14
振德医疗,14
江山欧派,14
金奥博,14
景嘉微,14
道通科技,14
中科软,14
力量钻石,14
智明达,14
海量数据,14
中远海特,14
恺英网络,14
立昂微,14
贵研铂业,14
德科立,14
精工钢构,14
永和股份,14
兆讯传媒,14
天岳先进,14
华锦股份,14
盘江股份,14
北路智控,14
有研粉材,14
富安娜,14
激智科技,14
盛美上海,14
君亭酒店,14
信捷电气,14
金风科技,14
赛力斯,14
味知香,14
英杰电气,14
鼎阳科技,14
云赛智联,14
华兰生物,14
卓然股份,13
大唐发电,13
中国电影,13
峨眉山A,13
辰安科技,13
太阳能,13
国网信通,13
卧龙电驱,13
岱勒新材,13
威孚高科,13
中材科技,13
谱尼测试,13
马应龙,13
藏格矿业,13
完美世界,13
广东宏大,13
一品红,13
中科曙光,13
天邦食品,13
迪阿股份,13
瑞芯微,13
中谷物流,13
先达股份,13
金牌厨柜,13
康德莱,13
昆药集团,13
罗欣药业,13
上海家化,13
西菱动力,13
恒玄科技,13
赛伍技术,13
捷顺科技,13
宝胜股份,13
柳药集团,13
正海生物,13
飞科电器,12
宣泰医药,12
容百科技,12
朗姿股份,12
晋控煤业,12
汇成股份,12
百隆东方,12
东方时尚,12
上海沿浦,12
申万宏源,12
捷安高科,12
九州通,12
博威合金,12
龙蟠科技,12
驰宏锌锗,12
艾隆科技,12
苏泊尔,12
长盈通,12
沪硅产业-U,12
唐人神,12
嘉益股份,12
新大正,12
派林生物,12
万润新能,12
南微医学,12
蓝色光标,12
上能电气,12
上海银行,12
明新旭腾,12
四方达,12
安徽合力,12
思维列控,12
伊之密,12
博思软件,12
英科医疗,12
新化股份,12
中航电子,12
元祖股份,12
新锐股份,12
上海港湾,12
凌霄泵业,12
神州泰岳,12
赛特新材,12
国轩高科,12
极米科技,11
鸿合科技,11
首开股份,11
钜泉科技,11
长沙银行,11
京运通,11
圣泉集团,11
贵州轮胎,11
孚能科技,11
芯原股份-U,11
禾丰股份,11
三全食品,11
露笑科技,11
南山铝业,11
长盛轴承,11
中微半导,11
康泰生物,11
近岸蛋白,11
诺禾致源,11
三友医疗,11
健民集团,11
芳源股份,11
新华百货,11
豫能控股,11
中际联合,11
赛腾股份,11
兰花科创,11
回天新材,11
伟测科技,11
新洁能,11
广信股份,11
山外山,11
国睿科技,11
健友股份,11
超卓航科,11
隧道股份,11
金隅集团,11
潮宏基,11
华润微,11
富乐德,11
杭可科技,11
中船防务,11
泰坦科技,11
联德股份,10
森特股份,10
光明乳业,10
迪瑞医疗,10
富瀚微,10
德赛电池,10
恒顺醋业,10
何氏眼科,10
皖通高速,10
国元证券,10
甬矽电子,10
报喜鸟,10
上港集团,10
中国长城,10
三峡水利,10
威胜信息,10
泰胜风能,10
同力日升,10
东方日升,10
四方光电,10
海油发展,10
旭光电子,10
东软集团,10
养元饮品,10
邦彦技术,10
洪都航空,10
浙江龙盛,10
德生科技,10
佰维存储,10
中无人机,10
星球石墨,10
云天化,10
兰剑智能,10
雷赛智能,10
盛航股份,10
可立克,10
创维数字,10
快克股份,10
三人行,10
中颖电子,10
招商积余,10
浙江仙通,10
云路股份,10
桃李面包,10
凯德石英,10
中国宝安,9
艾为电子,9
四方股份,9
陆家嘴,9
国芯科技,9
青岛港,9
起帆电缆,9
新诺威,9
民和股份,9
北京银行,9
科捷智能,9
超图软件,9
昌红科技,9
快可电子,9
盟科药业-U,9
岱美股份,9
振华股份,9
中国天楹,9
钱江摩托,9
长虹能源,9
颖泰生物,9
清越科技,9
立方制药,9
百洋医药,9
盛视科技,9
广晟有色,9
梦网科技,9
锋尚文化,9
万达电影,9
新疆众和,9
宝明科技,9
盛和资源,9
深高速,9
中国卫通,9
中国黄金,9
仙乐健康,9
奥来德,9
海达股份,9
毕得医药,9
妙可蓝多,9
华盛锂电,9
诚迈科技,9
中曼石油,9
英搏尔,9
博纳影业,9
华阳集团,9
兆威机电,9
天能重工,9
楚天科技,9
南钢股份,9
诺思兰德,9
江苏神通,9
国力股份,9
棒杰股份,9
科德数控,9
内蒙一机,9
苏大维格,9
生物股份,9
台华新材,9
居然之家,8
左江科技,8
信维通信,8
同享科技,8
中伟股份,8
东睦股份,8
亚太科技,8
国恩股份,8
科拓生物,8
精锻科技,8
纽威股份,8
中海油服,8
亚士创能,8
胜华新材,8
创意信息,8
中新赛克,8
海德股份,8
瑞联新材,8
海思科,8
富临精工,8
微芯生物,8
以岭药业,8
新希望,8
康华生物,8
宝鹰股份,8
京泉华,8
恒逸石化,8
金圆股份,8
柯力传感,8
米奥会展,8
华夏银行,8
家家悦,8
劲仔食品,8
昂利康,8
瑞普生物,8
金发科技,8
晶科科技,8
北大荒,8
信测标准,8
金龙鱼,8
皖能电力,8
上海莱士,8
财通证券,8
多氟多,8
金新农,8
武进不锈,8
创世纪,8
易华录,8
合锻智能,8
拉卡拉,8
鼎通科技,8
传智教育,8
迈信林,8
信科移动-U,8
重庆百货,8
卡莱特,8
富士达,8
通富微电,8
奥比中光-UW,8
华如科技,8
中国中冶,8
西测测试,8
力合微,8
金石资源,8
贵阳银行,8
隆达股份,8
联泓新科,8
凌云光,8
杰克股份,8
三六零,8
昆仑万维,8
洪城环境,7
浙能电力,7
首药控股-U,7
中公教育,7
华孚时尚,7
涪陵电力,7
中科蓝讯,7
有研硅,7
嘉元科技,7
路德环境,7
长飞光纤,7
浙江医药,7
中科星图,7
赢合科技,7
舒泰神,7
浙商证券,7
新大陆,7
明志科技,7
傲农生物,7
锐捷网络,7
科威尔,7
运达股份,7
中核钛白,7
泽璟制药-U,7
天通股份,7
同力股份,7
佩蒂股份,7
美埃科技,7
辽宁成大,7
法兰泰克,7
卓易信息,7
中盐化工,7
天孚通信,7
捷邦科技,7
广深铁路,7
昊海生科,7
岳阳兴长,7
高德红外,7
深圳机场,7
美亚光电,7
金力永磁,7
泛亚微透,7
长电科技,7
华策影视,7
通化东宝,7
冀中能源,7
史丹利,7
江山股份,7
天壕环境,7
亿田智能,7
飞凯材料,7
唯捷创芯-U,7
百亚股份,7
杉杉股份,7
恒为科技,7
伟明环保,7
江淮汽车,7
鲁西化工,7
雷电微力,7
新经典,7
上海建工,7
微光股份,7
回盛生物,7
东方明珠,7
税友股份,7
雅创电子,7
科信技术,7
捷捷微电,7
博彦科技,7
朗特智能,7
义翘神州,7
宇通客车,7
国药一致,7
帕瓦股份,7
胜宏科技,6
山东出版,6
农发种业,6
光库科技,6
海汽集团,6
瑞纳智能,6
新益昌,6
中船汉光,6
九安医疗,6
满坤科技,6
皖新传媒,6
光迅科技,6
奥普特,6
能科科技,6
湘佳股份,6
康为世纪,6
皮阿诺,6
正元智慧,6
芯海科技,6
垒知集团,6
世纪华通,6
菱电电控,6
金宏气体,6
灿瑞科技,6
光峰科技,6
长光华芯,6
新巨丰,6
北摩高科,6
金晶科技,6
包钢股份,6
新北洋,6
航天电子,6
首创环保,6
紫建电子,6
上海临港,6
天益医疗,6
中亦科技,6
新乳业,6
杭叉集团,6
栖霞建设,6
乐鑫科技,6
沪光股份,6
益生股份,6
唯万密封,6
诺力股份,6
冠盛股份,6
中国银河,6
金橙子,6
凯立新材,6
中金公司,6
信德新材,6
纽威数控,6
华翔股份,6
中宠股份,6
威高骨科,6
宇新股份,6
申能股份,6
美腾科技,6
华中数控,6
哈铁科技,6
宏景科技,6
我乐家居,6
有研新材,6
海普瑞,6
宁波韵升,6
八方股份,6
凯赛生物,6
招商公路,6
浙文互联,6
万泽股份,6
风语筑,6
万业企业,6
泰嘉股份,6
唯特偶,6
西部矿业,6
蔚蓝生物,6
亚星锚链,6
同益中,6
汇顶科技,6
禾川科技,6
西部证券,6
天健集团,6
久远银海,6
苏博特,6
铂力特,6
莱伯泰科,6
厦钨新能,6
花园生物,6
南山控股,6
乐惠国际,6
华致酒行,6
维峰电子,6
博迁新材,6
紫燕食品,6
凯普生物,6
瑞华泰,6
三联虹普,5
巴比食品,5
太辰光,5
龙源技术,5
张家港行,5
共达电声,5
捷成股份,5
中来股份,5
炬光科技,5
松霖科技,5
南玻A,5
宇瞳光学,5
豪悦护理,5
海锅股份,5
蒙娜丽莎,5
众信旅游,5
新钢股份,5
共进股份,5
珠海冠宇,5
山东钢铁,5
南网储能,5
中石科技,5
上海梅林,5
吉林化纤,5
城建发展,5
裕兴股份,5
今天国际,5
奥瑞金,5
普门科技,5
祥生医疗,5
深桑达A,5
震裕科技,5
海兴电力,5
山东路桥,5
博力威,5
恒邦股份,5
醋化股份,5
海天瑞声,5
申通快递,5
金城医药,5
贝斯特,5
中百集团,5
天德钰,5
永艺股份,5
瑞鹄模具,5
海利得,5
北信源,5
思特威-W,5
牧高笛,5
孩子王,5
福昕软件,5
广电运通,5
邦基科技,5
丽江股份,5
上海钢联,5
欧亚集团,5
晶方科技,5
永信至诚,5
世运电路,5
霍莱沃,5
海泰新能,5
中粮科工,5
中国通号,5
南亚新材,5
常宝股份,5
永辉超市,5
华康股份,5
长江证券,5
中国重工,5
宏达电子,5
东富龙,5
平治信息,5
广和通,5
格林达,5
微导纳米,5
皖仪科技,5
中钢天源,5
合肥百货,5
罗博特科,5
箭牌家居,5
海象新材,5
吉林敖东,5
数字政通,5
华软科技,5
海创药业-U,5
彤程新材,5
九芝堂,5
恒源煤电,5
江中药业,5
新华文轩,5
威海广泰,5
盈康生命,5
方正证券,4
奥拓电子,4
旺能环境,4
大洋电机,4
瀚川智能,4
嘉和美康,4
仕佳光子,4
长海股份,4
华设集团,4
寒武纪-U,4
海格通信,4
光韵达,4
金河生物,4
豪能股份,4
英诺特,4
奥士康,4
科翔股份,4
鼎信通讯,4
诺思格,4
阳光城,4
长青股份,4
凯美特气,4
康希诺,4
通达股份,4
中南股份,4
永新光学,4
冀东水泥,4
安记食品,4
众源新材,4
京北方,4
迅捷兴,4
铖昌科技,4
拓斯达,4
华斯股份,4
万里扬,4
同飞股份,4
松井股份,4
传艺科技,4
德龙激光,4
嘉曼服饰,4
浙江美大,4
白云山,4
电投能源,4
翔宇医疗,4
艾力斯-U,4
贵广网络,4
清源股份,4
风华高科,4
通行宝,4
京威股份,4
征和工业,4
华兴源创,4
富煌钢构,4
盈趣科技,4
苏农银行,4
立中集团,4
南京高科,4
煌上煌,4
伟时电子,4
江苏国泰,4
同惠电子,4
航天信息,4
梅安森,4
海能技术,4
硅烷科技,4
西部黄金,4
方正电机,4
稳健医疗,4
晶瑞电材,4
紫江企业,4
联瑞新材,4
仲景食品,4
道森股份,4
外高桥,4
方大特钢,4
大东方,4
绿盟科技,4
太极实业,4
嵘泰股份,4
凯格精机,4
齐心集团,4
沪农商行,4
好莱客,4
奥浦迈,4
赛微微电,4
绿地控股,4
大族激光,4
浦东建设,4
当虹科技,4
鹿山新材,4
武商集团,4
航天晨光,4
上海机电,4
博敏电子,4
永泰运,4
中文传媒,4
诚益通,4
中联重科,4
鑫铂股份,4
飞马国际,4
中材国际,4
浩瀚深度,4
泓博医药,4
晶华微,4
金徽酒,4
柳工,4
康冠科技,4
太钢不锈,4
大亚圣象,4
纳微科技,4
莱茵生物,4
新安股份,4
川发龙蟒,4
申菱环境,4
金冠股份,4
金开新能,4
丸美股份,4
华帝股份,4
华旺科技,4
艾德生物,4
理工导航,4
金辰股份,4
长城证券,4
鲁泰A,4
泰坦股份,4
河钢资源,4
元利科技,4
水星家纺,4
海新能科,4
东珠生态,4
九阳股份,4
润达医疗,4
司太立,4
广大特材,4
诚意药业,4
海王生物,4
松原股份,4
西王食品,4
东方生物,4
恒星科技,4
品高股份,4
春秋电子,3
天力锂能,3
迈得医疗,3
雅戈尔,3
国药股份,3
卡倍亿,3
和邦生物,3
三祥新材,3
大中矿业,3
倍轻松,3
越秀资本,3
东航物流,3
视觉中国,3
上峰水泥,3
福元医药,3
永顺泰,3
长阳科技,3
纵横股份,3
深南电路,3
三特索道,3
海天精工,3
探路者,3
华大基因,3
天佑德酒,3
华天酒店,3
欢瑞世纪,3
润泽科技,3
电科数字,3
北元集团,3
确成股份,3
华兰疫苗,3
浙数文化,3
厦门国贸,3
信达地产,3
百傲化学,3
兴业科技,3
长缆科技,3
海兰信,3
佳士科技,3
宝立食品,3
传化智联,3
莱宝高科,3
三峡旅游,3
日辰股份,3
埃夫特-U,3
全信股份,3
百大集团,3
岭南控股,3
麦澜德,3
黔源电力,3
晶丰明源,3
银座股份,3
中泰化学,3
煜邦电力,3
创耀科技,3
重庆钢铁,3
出版传媒,3
益方生物-U,3
国新文化,3
沧州明珠,3
润和软件,3
沧州大化,3
长白山,3
粤高速A,3
普元信息,3
深圳能源,3
聆达股份,3
雷迪克,3
航天发展,3
华天科技,3
中国西电,3
利民股份,3
通宝能源,3
开滦股份,3
宝泰隆,3
佳发教育,3
杰普特,3
宝通科技,3
磁谷科技,3
安克创新,3
美锦能源,3
东方铁塔,3
盖世食品,3
天奥电子,3
合兴包装,3
菲菱科思,3
格尔软件,3
拓尔思,3
盛德鑫泰,3
采纳股份,3
华康医疗,3
森鹰窗业,3
广电计量,3
双环科技,3
沃尔核材,3
宇晶股份,3
天宇股份,3
贝斯美,3
华亚智能,3
金能科技,3
高凌信息,3
安徽建工,3
渝农商行,3
首钢股份,3
福成股份,3
名臣健康,3
恒烁股份,3
上海电影,3
天融信,3
上海瀚讯,3
赞宇科技,3
可孚医疗,3
兰石重装,3
江西铜业,3
德昌股份,3
飞龙股份,3
康斯特,3
翔港科技,3
科华控股,3
锡业股份,3
三德科技,3
黄河旋风,3
安彩高科,3
巨人网络,3
盛帮股份,3
贵航股份,3
翱捷科技-U,3
莱克电气,2
海翔药业,2
伟思医疗,2
厦门银行,2
美利云,2
爱克股份,2
昆船智能,2
深振业A,2
艾布鲁,2
宝利国际,2
先河环保,2
横店影视,2
东方精工,2
奥普家居,2
兴蓉环境,2
中国出版,2
设计总院,2
和顺石油,2
伟创电气,2
西麦食品,2
八一钢铁,2
齐翔腾达,2
上海亚虹,2
京基智农,2
大悦城,2
万通发展,2
大商股份,2
步步高,2
三江购物,2
物产中大,2
鸿泉物联,2
中信重工,2
众兴菌业,2
奥飞娱乐,2
慈文传媒,2
节能国祯,2
天娱数科,2
浙江东日,2
五方光电,2
一汽富维,2
久日新材,2
龙建股份,2
华正新材,2
威派格,2
星华新材,2
阿拉丁,2
中国医药,2
再升科技,2
ST龙净,2
新兴装备,2
百普赛斯,2
汉威科技,2
中国稀土,2
银邦股份,2
英诺激光,2
五洲特纸,2
英飞特,2
金麒麟,2
九华旅游,2
康辰药业,2
皖天然气,2
冠农股份,2
金融街,2
汉仪股份,2
航亚科技,2
陕西建工,2
和达科技,2
江化微,2
威博液压,2
光华科技,2
电广传媒,2
九强生物,2
青松股份,2
中化岩土,2
富森美,2
南京证券,2
华金资本,2
安德利,2
中国卫星,2
兆驰股份,2
法本信息,2
长江传媒,2
软控股份,2
华邦健康,2
新世界,2
大丰实业,2
广弘控股,2
安博通,2
汉缆股份,2
浙商中拓,2
星辉娱乐,2
永新股份,2
神工股份,2
海欣股份,2
盐田港,2
渤海租赁,2
中央商场,2
瑞达期货,2
大富科技,2
浙江交科,2
中铁工业,2
万胜智能,2
歌华有线,2
圣湘生物,2
仙坛股份,2
天目湖,2
华光环能,2
东宝生物,2
振华新材,2
鼎捷软件,2
华宝股份,2
浙江自然,2
新中港,2
龙韵股份,2
君正集团,2
英集芯,2
天邑股份,2
青山纸业,2
本钢板材,2
北汽蓝谷,2
江苏吴中,2
天风证券,2
广州发展,2
科美诊断,2
尖峰集团,2
宁夏建材,2
荣信文化,2
万得凯,2
崇达技术,2
长亮科技,2
福建高速,2
申昊科技,2
宁波远洋,2
时代出版,2
海宁皮城,2
易点天下,2
景业智能,2
阳谷华泰,2
慈星股份,2
读者传媒,2
九鼎投资,2
科思科技,2
万兴科技,2
天津港,2
华数传媒,2
苏利股份,2
诺唯赞,2
清新环境,2
新国都,2
天元宠物,2
桂林三金,2
怡球资源,2
保利联合,2
建科股份,2
长远锂科,2
长虹华意,2
艾迪精密,2
鲁银投资,2
苏盐井神,2
梦百合,2
山鹰国际,2
爱慕股份,2
宝鼎科技,2
高伟达,2
普天科技,2
望变电气,2
绿田机械,2
华盛昌,2
中原传媒,2
奥美医疗,2
火星人,2
沃格光电,2
锦龙股份,2
游族网络,2
开润股份,2
万顺新材,2
美邦服饰,2
依顿电子,2
科力远,2
亿晶光电,2
中信出版,2
新媒股份,2
军信股份,2
兴源环境,2
中山公用,2
卓越新能,2
智光电气,2
冰轮环境,2
张裕A,2
云南锗业,2
锦和商管,2
宏辉果蔬,2
南纺股份,2
圣阳股份,2
壶化股份,2
仁和药业,2
双飞股份,2
美瑞新材,2
赛恩斯,2
万孚生物,2
西藏城投,2
豪美新材,2
红旗连锁,2
岳阳林纸,2
嘉化能源,2
锡装股份,2
威唐工业,2
中交地产,2
振华重工,2
概伦电子,2
亚光科技,2
上海能源,2
奇正藏药,2
新兴铸管,2
碧水源,2
浦东金桥,2
晓鸣股份,2
统联精密,2
盈峰环境,2
雅运股份,2
扬电科技,2
奥迪威,2
天准科技,2
奥海科技,2
永福股份,2
有方科技,2
秦川机床,2
五洲新春,2
春光科技,2
创远信科,2
安迪苏,2
大业股份,2
华新环保,2
深圳瑞捷,2
弘亚数控,2
国信证券,2
中粮资本,2
海正生材,2
苏轴股份,2
森萱医药,2
国航远洋,2
地素时尚,2
爱婴室,2
徐家汇,2
康普化学,2
科达自控,2
华宏科技,2
焦点科技,2
龙高股份,2
森霸传感,2
城投控股,2
焦作万方,2
北矿科技,2
道道全,2
京山轻机,2
中银证券,2
诺德股份,2
中色股份,2
华扬联众,2
易德龙,2
顺网科技,2
八亿时空,2
欧陆通,2
赢时胜,2
美亚柏科,2
富春染织,2
海利生物,2
东瑞股份,2
力盛体育,2
江苏新能,2
万盛股份,2
四创电子,2
上海石化,2
神农集团,2
智莱科技,2
吉冈精密,2
长信科技,2
四方科技,2
京源环保,2
天迈科技,2
安道麦A,2
软通动力,2
新天药业,2
汇金股份,2
聚飞光电,2
利亚德,2
珠城科技,2
国检集团,2
荣安地产,2
徐工机械,2
烽火通信,2
桂林旅游,2
纬德信息,2
云南旅游,2
睿智医药,2
时代新材,2
新开源,2
雪榕生物,2
豫园股份,2
浩通科技,2
兴业股份,2
清溢光电,2
万向德农,2
福蓉科技,2
三友化工,2
苏文电能,2
久吾高科,2
骆驼股份,2
蓝思科技,2
晨曦航空,2
海源复材,2
丰山集团,2
罗莱生活,2
丝路视觉,2
泽宇智能,2
泰晶科技,2
佳都科技,2
诺泰生物,2
深圳燃气,2
江铃汽车,2
隆扬电子,2
三鑫医疗,2
蓝光发展,2
国联水产,2
巨一科技,2
欣锐科技,2
豪鹏科技,2
华宇软件,2
华工科技,2
翔丰华,2
光大嘉宝,2
国光股份,2
山高环能,2
浙江新能,2
海融科技,2
博瑞传播,2
思进智能,2
贵绳股份,2
濮耐股份,2
江苏有线,2
蓝帆医疗,2
和林微纳,2
浩洋股份,2
海南橡胶,2
集智股份,2
全志科技,2
百合花,2
苏美达,2
东土科技,2
康弘药业,2
迪普科技,2
承德露露,2
蓝黛科技,1
格科微,1
盛剑环境,1
恒丰纸业,1
声光电科,1
山大地纬,1
科润智控,1
新芝生物,1
宏力达,1
宝兰德,1
上海电气,1
和辉光电-U,1
卓创资讯,1
西部建设,1
优利德,1
万通智控,1
瑞泰科技,1
科新机电,1
楚江新材,1
万和电气,1
龙软科技,1
马钢股份,1
天成自控,1
新元科技,1
姚记科技,1
红相股份,1
中泰证券,1
亚玛顿,1
云中马,1
佳沃食品,1
金溢科技,1
雷柏科技,1
一拖股份,1
菜百股份,1
山石网科,1
凌志软件,1
国机精工,1
彩虹股份,1
新光光电,1
财富趋势,1
华纳药厂,1
美能能源,1
家联科技,1
华岭股份,1
徕木股份,1
石化油服,1
明德生物,1
沙钢股份,1
麦趣尔,1
山东赫达,1
亿华通-U,1
博瑞医药,1
金迪克,1
中自科技,1
维科技术,1
昇兴股份,1
万辰生物,1
大豪科技,1
虹软科技,1
航发科技,1
越剑智能,1
京城股份,1
厚普股份,1
昇辉科技,1
山东海化,1
三生国健,1
海波重科,1
克来机电,1
奥福环保,1
鼎际得,1
浙版传媒,1
品茗科技,1
华绿生物,1
格灵深瞳-U,1
华信新材,1
三角轮胎,1
建投能源,1
同济科技,1
鞍钢股份,1
南威软件,1
万马科技,1
贵州三力,1
西部创业,1
日科化学,1
维海德,1
中国动力,1
平高电气,1
振邦智能,1
东华软件,1
胜利精密,1
东华能源,1
洪汇新材,1
东北制药,1
开山股份,1
惠泉啤酒,1
振东制药,1
先惠技术,1
金田股份,1
新天绿能,1
宇环数控,1
广博股份,1
京能电力,1
中集集团,1
中汽股份,1
东尼电子,1
元道通信,1
任子行,1
宣亚国际,1
春立医疗,1
金现代,1
中文在线,1
智立方,1
上纬新材,1
维尔利,1
掌趣科技,1
民德电子,1
开创国际,1
北巴传媒,1
上工申贝,1
塔牌集团,1
汇创达,1
特一药业,1
星云股份,1
湘财股份,1
矩阵股份,1
中远海发,1
智洋创新,1
建发合诚,1
亚香股份,1
东北证券,1
万向钱潮,1
博汇股份,1
轻纺城,1
华创阳安,1
苏交科,1
富淼科技,1
潜能恒信,1
西藏药业,1
青达环保,1
均普智能,1
药康生物,1
博众精工,1
泉峰汽车,1
华峰化学,1
硕世生物,1
远东股份,1
浙江恒威,1
华研精机,1
立新能源,1
晋拓股份,1
阿石创,1
华力创通,1
白银有色,1
建研院,1
鲁抗医药,1
耐科装备,1
迈克生物,1
振江股份,1
国网英大,1
映翰通,1
中触媒,1
华依科技,1
航锦科技,1
华民股份,1
得邦照明,1
天洋新材,1
瑞晨环保,1
特锐德,1
直真科技,1
协创数据,1
金百泽,1
城市传媒,1
协和电子,1
新炬网络,1
亿帆医药,1
格力地产,1
小商品城,1
海南高速,1
百洋股份,1
三变科技,1
西安旅游,1
东鹏控股,1
国缆检测,1
莱特光电,1
骏创科技,1
三钢闽光,1
山西焦化,1
康普顿,1
悦安新材,1
光电股份,1
科大智能,1
汉得信息,1
达安基因,1
中金岭南,1
漱玉平民,1
众智科技,1
鼎泰高科,1
广誉远,1
埃斯顿,1
迈威生物-U,1
秦港股份,1
神马股份,1
星网宇达,1
华联股份,1
宏达高科,1
元隆雅图,1
三六五网,1
威尔药业,1
华阳国际,1
顺博合金,1
钒钛股份,1
天茂集团,1
江航装备,1
好想你,1
安奈儿,1
新日股份,1
雄帝科技,1
中钢洛耐,1
永贵电器,1
