stock_name,hold_num
贵州茅台,2602
宁德时代,1976
五粮液,1275
泸州老窖,1135
比亚迪,900
招商银行,874
迈瑞医疗,802
中国中免,800
立讯精密,793
阳光电源,788
中国平安,773
亿纬锂能,768
隆基绿能,740
宁波银行,698
东方财富,680
药明康德,625
山西汾酒,596
美的集团,570
保利发展,570
兴业银行,551
海康威视,494
紫光国微,473
紫金矿业,458
爱尔眼科,451
晶澳科技,445
长江电力,441
天合光能,436
万科A,433
平安银行,432
伊利股份,426
万华化学,415
恒瑞医药,411
金山办公,391
顺丰控股,389
爱美客,378
汇川技术,378
中信证券,366
智飞生物,348
海尔智家,341
恒生电子,338
洋河股份,337
泰格医药,309
华鲁恒升,308
派能科技,307
中航光电,304
尚太科技,288
中国建筑,288
格力电器,282
纳思达,280
古井贡酒,276
北方华创,273
中航重机,270
安井食品,267
温氏股份,262
通威股份,261
振华科技,256
东方电缆,250
东方雨虹,249
TCL中环,249
鹏辉能源,247
人福医药,247
陕西煤业,238
固德威,236
分众传媒,236
德业股份,234
康龙化成,229
天齐锂业,227
广联达,226
海大集团,226
江苏银行,225
西部超导,224
锦浪科技,224
招商蛇口,224
石英股份,223
华东医药,222
中国人寿,222
工商银行,221
华友钴业,218
兆易创新,218
中国神华,218
恩捷股份,209
青岛啤酒,200
上海机场,198
中国国航,198
金地集团,197
澜起科技,194
圣邦股份,193
伯特利,191
今世缘,191
赣锋锂业,191
舍得酒业,189
中国移动,184
晶盛机电,179
重庆啤酒,178
牧原股份,178
邮储银行,178
东山精密,174
深信服,173
广汇能源,173
中国海油,172
华大九天,171
华能国际,169
中天科技,165
中兴通讯,164
通策医疗,163
中科创达,162
国联股份,162
中国软件,161
捷佳伟创,161
三环集团,159
科士达,159
开立医疗,157
中国船舶,153
福斯特,152
亨通光电,152
菲利华,151
锦江酒店,150
科伦药业,149
长春高新,148
广发证券,147
中控技术,147
成都银行,146
绝味食品,145
用友网络,144
中国太保,143
三花智控,141
三一重工,140
常熟银行,140
拓普集团,139
赛轮轮胎,137
福耀玻璃,136
海螺水泥,136
天赐材料,134
晶科能源,133
中航沈飞,132
迈为股份,132
九洲药业,131
中芯国际,128
春秋航空,127
欧派家居,126
光威复材,125
卓胜微,125
华海药业,125
宝信软件,125
片仔癀,124
圆通速递,123
华泰证券,122
东方电气,122
大金重工,122
禾迈股份,122
华电国际,121
凯莱英,121
沃森生物,119
爱旭股份,118
奕瑞科技,116
兖矿能源,116
顾家家居,115
中国核电,115
普瑞眼科,113
华恒生物,113
杭州银行,113
华测检测,112
建发股份,112
中国电信,112
科华数据,111
苏试试验,111
广立微,111
交通银行,109
中微公司,109
昱能科技,108
奥特维,107
迎驾贡酒,107
杭氧股份,106
首旅酒店,105
农业银行,105
华宝新能,104
大北农,103
京沪高铁,103
航发动力,101
海天味业,101
伟星新材,100
韦尔股份,99
百润股份,99
山东黄金,99
三七互娱,98
吉祥航空,98
旗滨集团,97
中炬高新,97
瑞丰新材,96
安琪酵母,96
中国电建,96
永兴材料,95
法拉电子,95
贝泰妮,93
联影医疗,92
宏发股份,92
同仁堂,92
赤峰黄金,92
科达利,91
百利天恒-U,91
银泰黄金,90
斯达半导,90
老白干酒,90
建设银行,90
华润三九,89
德赛西威,89
明阳智能,89
航天电器,89
南方航空,89
传音控股,88
苏州银行,88
科大讯飞,88
抚顺特钢,88
闻泰科技,87
钧达股份,86
巨化股份,86
金域医学,85
京东方A,85
璞泰来,85
益丰药房,85
三峡能源,85
新雷能,85
复旦微电,84
继峰股份,84
中航西飞,83
恒立液压,83
环旭电子,82
鸿路钢构,82
珀莱雅,82
乐普医疗,82
东方证券,81
高测股份,81
大秦铁路,81
思源电气,80
德方纳米,79
江海股份,79
先导智能,78
海信视像,76
长川科技,76
新莱应材,76
意华股份,75
融捷股份,75
海泰新光,75
明泰铝业,75
新宙邦,75
国电南瑞,75
中国中铁,74
国际医学,74
新城控股,74
中矿资源,74
华大智造,74
圣农发展,74
王府井,74
中远海能,74
神火股份,73
华厦眼科,73
晨光股份,72
天顺风能,72
南京银行,71
鼎龙股份,70
思瑞浦,70
新点软件,70
特变电工,70
海通证券,70
宋城演艺,69
吉比特,69
久立特材,68
富创精密,68
航天宏图,68
新泉股份,68
江丰电子,68
晶晨股份,68
爱博医疗,68
南网科技,68
恩华药业,67
山西焦煤,67
星源材质,67
中国联通,67
聚光科技,67
天山铝业,67
双环传动,67
燕京啤酒,66
太极集团,66
长安汽车,66
中国石化,65
华发股份,65
华域汽车,65
一心堂,65
TCL科技,65
欣旺达,64
荣盛石化,64
东威科技,64
中航高科,64
同花顺,63
裕同科技,63
华熙生物,63
大参林,63
格林美,62
卫宁健康,62
七一二,62
鹏鼎控股,62
钢研高纳,62
芒果超媒,62
鱼跃医疗,62
亿联网络,62
国泰君安,61
比音勒芬,61
星宇股份,61
春风动力,61
老板电器,61
百济神州-U,60
三星医疗,60
航宇科技,60
卫星化学,60
拓荆科技-U,59
普洛药业,59
杰瑞股份,59
聚辰股份,59
三角防务,59
永泰能源,59
金禾实业,58
中国东航,57
东阿阿胶,57
韵达股份,57
三安光电,57
纳芯微,57
宝钢股份,57
景津装备,56
梅花生物,56
杰华特,56
顺络电子,56
浙江鼎力,56
雅化集团,56
萤石网络,55
招商南油,55
白云机场,55
扬农化工,55
澳华内镜,55
兴业证券,55
潞安环能,55
正泰电器,55
湘电股份,55
招商证券,54
鸿远电子,54
隆平高科,54
巨星农牧,54
复星医药,53
华峰测控,53
迪威尔,53
太阳纸业,53
万泰生物,53
天奈科技,53
海光信息,53
帝奥微,53
中国铁建,53
中国化学,52
电科网安,52
紫光股份,52
恒力石化,52
盐湖股份,52
坚朗五金,52
聚和材料,52
石头科技,51
航发控制,51
振华风光,51
美迪西,51
云铝股份,51
三诺生物,51
天华超净,51
欧晶科技,50
安图生物,50
双汇发展,50
中国重汽,50
济川药业,50
招商轮船,50
金钼股份,50
海优新材,50
联赢激光,49
芯源微,49
欧普康视,49
酒鬼酒,49
时代电气,49
图南股份,49
鸣志电器,48
洛阳钼业,48
惠泰医疗,48
润丰股份,48
药石科技,48
中国汽研,48
联化科技,48
山煤国际,48
盛路通信,48
天马科技,47
中科江南,47
桐昆股份,47
川宁生物,47
远光软件,47
创业慧康,47
远兴能源,46
骄成超声,46
祥鑫科技,46
双良节能,46
江特电机,46
北方稀土,45
水晶光电,45
高能环境,45
顶点软件,45
心脉医疗,45
鼎胜新材,45
中金黄金,45
天地科技,45
启明星辰,45
君实生物-U,45
华秦科技,45
盛弘股份,45
中煤能源,44
源杰科技,44
东诚药业,44
正帆科技,44
中国银行,44
帝尔激光,43
长城汽车,43
三棵树,43
浦发银行,43
国联证券,43
上海电力,43
老百姓,43
怡和嘉业,43
中国巨石,43
常熟汽饰,42
盟升电子,42
玲珑轮胎,42
湖南黄金,42
光大银行,42
东鹏饮料,42
中钨高新,42
爱柯迪,41
神州数码,41
英维克,41
国博电子,41
山东药玻,41
振芯科技,41
华荣股份,41
口子窖,41
海容冷链,41
安集科技,41
蓝晓科技,41
民生银行,41
周大生,40
索通发展,40
中航机电,40
银轮股份,40
昭衍新药,40
兔宝宝,40
万润股份,40
泰和新材,40
精功科技,40
三未信安,40
当升科技,39
科锐国际,39
新产业,39
立高食品,39
海信家电,38
瀚蓝环境,38
云南铜业,38
伟星股份,38
安恒信息,38
森麒麟,38
志邦家居,38
荣昌生物,38
四维图新,38
健之佳,38
中直股份,37
禾望电气,37
索菲亚,37
华菱钢铁,37
新和成,37
太极股份,37
中信博,37
国电电力,37
中科环保,36
达仁堂,36
登海种业,36
科思股份,36
西藏矿业,36
德邦股份,36
士兰微,36
润建股份,36
柏楚电子,36
赛意信息,36
铂科新材,36
宝丰能源,36
平煤股份,35
新凤鸣,35
旭升集团,35
睿创微纳,35
千禾味业,35
致远互联,35
中科电气,35
中信特钢,35
福能股份,35
科沃斯,35
中国铝业,35
洽洽食品,35
厦门钨业,35
老凤祥,35
潍柴动力,34
诺诚健华-U,34
华夏航空,34
国投电力,34
金诚信,34
日月股份,34
陕鼓动力,33
国瓷材料,33
中国能建,33
中际旭创,33
芯碁微装,33
德新科技,33
川投能源,32
兴发集团,32
滨江集团,32
中牧股份,32
广汽集团,32
天宜上佳,32
粤电力A,32
安路科技-U,32
永创智能,32
德邦科技,32
盛新锂能,32
亚钾国际,32
燕东微,32
容知日新,31
星环科技-U,31
华贸物流,31
三一重能,31
科顺股份,31
申万宏源,31
扬杰科技,31
淮北矿业,31
中旗股份,31
金博股份,31
博腾股份,31
云南白药,31
康缘药业,31
横店东磁,31
中顺洁柔,31
川仪股份,31
视源股份,31
特宝生物,30
盾安环境,30
喜临门,30
峰岹科技,30
江波龙,30
西藏珠峰,30
广汇物流,30
宝新能源,30
山东高速,30
景旺电子,30
利尔化学,30
皓元医药,30
有研硅,30
兴齐眼药,30
隆盛科技,30
我武生物,30
汤臣倍健,30
微电生理-U,30
雅克科技,30
麒麟信安,30
华懋科技,30
昊华科技,30
健帆生物,29
电连技术,29
天坛生物,29
中国人保,29
华阳股份,29
新洋丰,29
万丰奥威,29
中国交建,29
中瓷电子,29
宏微科技,29
东吴证券,29
完美世界,29
水井坊,29
吉大正元,28
保隆科技,28
上汽集团,28
应流股份,28
晶品特装,28
中青旅,28
思科瑞,28
盐津铺子,28
东微半导,28
贝达药业,28
科陆电子,28
千味央厨,28
四川路桥,28
仕净科技,28
宇信科技,28
华特达因,28
卫信康,28
仙琚制药,28
华利集团,28
佰维存储,28
宏华数科,28
天康生物,28
路维光电,27
锐科激光,27
立华股份,27
川恒股份,27
博实股份,27
富乐德,27
中国石油,27
菲沃泰,27
普源精电-U,27
网宿科技,27
良信股份,27
铭利达,27
皇马科技,27
南都电源,27
长盈通,27
美年健康,27
华峰铝业,27
佐力药业,27
震安科技,26
利安隆,26
阳光诺和,26
歌尔股份,26
新奥股份,26
宇邦新材,26
江苏金租,26
同和药业,26
新宝股份,26
天润乳业,26
石基信息,26
苑东生物,26
科前生物,26
光启技术,25
东方盛虹,25
光线传媒,25
华铁应急,25
华锐精密,25
洁美科技,25
中远海控,25
佳缘科技,25
中简科技,25
艾华集团,25
沪电股份,25
新劲刚,25
唐山港,25
明冠新材,25
浪潮信息,25
瑞可达,25
厦门象屿,25
均胜电子,25
甘源食品,25
华新水泥,25
拱东医疗,25
金雷股份,25
中国中车,24
大华股份,24
迪安诊断,24
许继电气,24
移远通信,24
中科曙光,24
美畅股份,24
芯朋微,24
信立泰,24
黑猫股份,24
ST泛微,24
东材科技,24
万润新能,24
中南传媒,24
晨光生物,24
炬华科技,24
德科立,24
普莱柯,24
桂冠电力,24
明月镜片,24
大全能源,24
派克新材,24
威腾电气,24
聚胶股份,23
华侨城A,23
涪陵榨菜,23
东阳光,23
上机数控,23
工业富联,23
天味食品,23
广联航空,23
首创证券,23
丽珠集团,23
宝钛股份,23
金种子酒,23
中望软件,23
佰仁医疗,23
普利特,23
盟科药业-U,23
兴通股份,23
北路智控,22
国茂股份,22
东方电子,22
博雅生物,22
华润微,22
国光电气,22
内蒙华电,22
健麾信息,22
金盘科技,22
海力风电,22
通灵股份,22
联创电子,22
濮阳惠成,22
泰恩康,22
嘉友国际,22
天铁股份,22
中复神鹰,22
川能动力,22
新风光,22
清越科技,22
龙芯中科,22
汉钟精机,22
利元亨,21
健康元,21
宏川智慧,21
京新药业,21
三美股份,21
九典制药,21
臻镭科技,21
科博达,21
伊力特,21
北方导航,21
龙佰集团,21
汇成股份,21
斯莱克,21
中微半导,21
中信建投,21
盛达资源,21
福莱特,21
羚锐制药,21
伟测科技,21
红日药业,21
华海清科,21
元力股份,21
经纬恒润-W,20
科达制造,20
新易盛,20
遥望科技,20
指南针,20
顺鑫农业,20
密尔克卫,20
中密控股,20
中兵红箭,20
长盈精密,20
中科软,20
华能水电,20
海澜之家,20
九安医疗,20
文灿股份,20
众生药业,20
火炬电子,20
上海医药,20
奇安信-U,20
同庆楼,20
华测导航,20
绿的谐波,20
云天化,19
山外山,19
新华医疗,19
朗新科技,19
东方电热,19
寿仙谷,19
上声电子,19
悦康药业,19
国能日新,19
三利谱,19
新强联,19
美好医疗,19
中鼎股份,19
凌云光,19
嘉必优,19
中国广核,19
毕得医药,19
盛天网络,19
志特新材,19
康恩贝,19
信安世纪,19
郑煤机,19
公牛集团,19
北新建材,19
世纪华通,19
海油工程,19
行动教育,19
江河集团,19
凯因科技,19
恺英网络,19
中信银行,18
绿能慧充,18
林洋能源,18
键凯科技,18
福田汽车,18
航天彩虹,18
微导纳米,18
巨星科技,18
爱玛科技,18
新华保险,18
四川双马,18
迪哲医药-U,18
麦格米特,18
甬金股份,18
九号公司-WD,18
吉林碳谷,18
维力医疗,18
光大证券,18
金风科技,18
宁沪高速,18
荃银高科,18
精测电子,18
芯能科技,18
太阳能,18
海目星,18
华统股份,18
国金证券,18
钜泉科技,18
百克生物,18
新希望,17
甬矽电子,17
葵花药业,17
激智科技,17
天德钰,17
安科瑞,17
宁波华翔,17
江阴银行,17
至纯科技,17
兴森科技,17
昆仑万维,17
广州酒家,17
山河药辅,17
坤恒顺维,17
国邦医药,17
天邦食品,17
普冉股份,17
豪迈科技,17
和而泰,17
小熊电器,17
养元饮品,17
华兰生物,17
海尔生物,17
广东鸿图,17
华盛锂电,17
三旺通信,17
普利制药,17
天能股份,17
云海金属,17
连城数控,17
美联新材,16
劲嘉股份,16
北京城乡,16
鲁阳节能,16
普联软件,16
万达电影,16
欧科亿,16
蓝色光标,16
安科生物,16
中熔电气,16
合盛硅业,16
隆达股份,16
盘江股份,16
中科三环,16
爱乐达,16
立昂微,16
百隆东方,16
卧龙电驱,16
铜陵有色,16
国科微,16
美腾科技,16
怡合达,16
广宇发展,16
邦彦技术,16
万马股份,16
青鸟消防,16
贝特瑞,16
浙商银行,16
龙元建设,16
海晨股份,16
海利尔,16
博汇纸业,15
鼎阳科技,15
上海银行,15
景嘉微,15
君亭酒店,15
金陵饭店,15
赛力斯,15
恒玄科技,15
国网信通,15
斯迪克,15
神州泰岳,15
盛美上海,15
拓邦股份,15
天岳先进,15
聚合顺,15
兴瑞科技,15
威孚高科,15
中科蓝讯,15
东方通,15
江山欧派,15
北京君正,15
仙鹤股份,15
百诚医药,15
宣泰医药,15
艾隆科技,15
南钢股份,15
建龙微纳,15
东华测试,15
西部材料,15
恒润股份,15
九州通,15
中国电影,15
福瑞股份,15
凤凰传媒,15
中孚信息,15
永冠新材,15
贵研铂业,15
沪硅产业-U,15
精研科技,15
金隅集团,14
海量数据,14
先达股份,14
振德医疗,14
谱尼测试,14
康德莱,14
永和股份,14
中船防务,14
精工钢构,14
智明达,14
近岸蛋白,14
云赛智联,14
富安娜,14
英杰电气,14
力量钻石,14
美埃科技,14
坤彩科技,14
浙江龙盛,14
味知香,14
迪阿股份,14
超卓航科,14
大唐发电,14
华锦股份,14
锐捷网络,14
中材科技,14
金奥博,14
有研粉材,14
卓然股份,14
信捷电气,14
帕瓦股份,14
兆讯传媒,14
道通科技,14
中远海特,14
包钢股份,13
昆药集团,13
广东宏大,13
苏泊尔,13
一品红,13
岱勒新材,13
元祖股份,13
罗欣药业,13
南微医学,13
上海沿浦,13
赛腾股份,13
中谷物流,13
马应龙,13
北京银行,13
健友股份,13
驰宏锌锗,13
回天新材,13
容百科技,13
柳药集团,13
捷顺科技,13
隧道股份,13
盛和资源,13
凌霄泵业,13
正海生物,13
上海家化,13
博思软件,13
赛伍技术,13
宝胜股份,13
中国重工,13
西菱动力,13
信科移动-U,13
瑞芯微,13
安徽合力,13
生物股份,13
唐人神,13
奥浦迈,13
峨眉山A,13
新大正,13
上海临港,13
辰安科技,13
藏格矿业,13
金牌厨柜,13
京运通,13
中航电子,13
英科医疗,13
益生股份,12
永信至诚,12
豫能控股,12
中国宝安,12
博威合金,12
晋控煤业,12
东方时尚,12
科捷智能,12
中国天楹,12
中无人机,12
国轩高科,12
康泰生物,12
华新环保,12
孚能科技,12
南山铝业,12
露笑科技,12
恒顺醋业,12
朗姿股份,12
伊之密,12
东方明珠,12
新化股份,12
派林生物,12
嘉益股份,12
兰花科创,12
龙蟠科技,12
贵州轮胎,12
卡莱特,12
新锐股份,12
赛特新材,12
飞科电器,12
中国长城,12
捷安高科,12
思维列控,12
四方达,12
上能电气,12
诺禾致源,12
明新旭腾,12
上海港湾,12
百洋医药,11
同力日升,11
三人行,11
圣泉集团,11
新洁能,11
三友医疗,11
鸿合科技,11
健民集团,11
海油发展,11
青岛港,11
国元证券,11
上港集团,11
芯原股份-U,11
首开股份,11
新华百货,11
长沙银行,11
国睿科技,11
哈铁科技,11
金橙子,11
三峡水利,11
广信股份,11
北大荒,11
国力股份,11
可立克,11
以岭药业,11
杰克股份,11
长盛轴承,11
极米科技,11
拉卡拉,11
兰剑智能,11
中颖电子,11
泰坦科技,11
中际联合,11
奥比中光-UW,11
杭可科技,11
芳源股份,11
首创环保,11
楚天科技,11
禾丰股份,11
报喜鸟,11
威胜信息,11
三全食品,11
潮宏基,11
宝明科技,10
华阳集团,10
德赛电池,10
中国卫通,10
快克股份,10
恒烁股份,10
英诺特,10
联德股份,10
中国中冶,10
四方光电,10
江山股份,10
何氏眼科,10
中国黄金,10
灿瑞科技,10
四方股份,10
奥来德,10
东方日升,10
回盛生物,10
星球石墨,10
盛航股份,10
陆家嘴,10
博纳影业,10
财通证券,10
上海莱士,10
富瀚微,10
深高速,10
创维数字,10
岱美股份,10
苏大维格,10
森特股份,10
云路股份,10
科德数控,10
华夏银行,10
绿地控股,10
信维通信,10
浙江仙通,10
桃李面包,10
洪都航空,10
泰胜风能,10
招商积余,10
德生科技,10
妙可蓝多,10
凯德石英,10
东软集团,10
迪瑞医疗,10
雷赛智能,10
新大陆,10
光明乳业,10
皖通高速,10
重庆百货,10
旭光电子,10
振华股份,9
长虹能源,9
金新农,9
新诺威,9
鲁西化工,9
天壕环境,9
浩瀚深度,9
昌红科技,9
江苏神通,9
台华新材,9
隆扬电子,9
英搏尔,9
益方生物-U,9
金发科技,9
米奥会展,9
铂力特,9
诚迈科技,9
快可电子,9
海达股份,9
中海油服,9
皖能电力,9
晶华微,9
仙乐健康,9
中新赛克,9
贵阳银行,9
浙江医药,9
棒杰股份,9
锋尚文化,9
多氟多,9
民和股份,9
金龙鱼,9
高德红外,9
创世纪,9
天能重工,9
盛视科技,9
超图软件,9
天孚通信,9
诺思兰德,9
艾为电子,9
起帆电缆,9
华如科技,9
广晟有色,9
立方制药,9
兆威机电,9
中曼石油,9
中国通号,9
梦网科技,9
信测标准,9
颖泰生物,9
恒逸石化,9
上海建工,9
西测测试,9
冀中能源,9
内蒙一机,9
中公教育,9
国芯科技,9
钱江摩托,9
泓博医药,9
新疆众和,9
长飞光纤,8
易华录,8
劲仔食品,8
富临精工,8
传智教育,8
金力永磁,8
三六零,8
瑞普生物,8
太钢不锈,8
金石资源,8
同享科技,8
海思科,8
微芯生物,8
康为世纪,8
通富微电,8
创意信息,8
中科星图,8
晶科科技,8
恒为科技,8
柯力传感,8
京泉华,8
涪陵电力,8
傲农生物,8
中盐化工,8
麦澜德,8
合锻智能,8
泛亚微透,8
磁谷科技,8
满坤科技,8
国恩股份,8
中伟股份,8
居然之家,8
瑞联新材,8
亚太科技,8
昂利康,8
力合微,8
美锦能源,8
科拓生物,8
迈信林,8
辽宁成大,8
鼎通科技,8
巨人网络,8
新经典,8
南玻A,8
金圆股份,8
微光股份,8
富士达,8
宝鹰股份,8
联泓新科,8
纽威股份,8
康华生物,8
家家悦,8
浙商证券,8
胜华新材,8
华设集团,8
江淮汽车,8
精锻科技,8
亚士创能,8
杉杉股份,8
广电运通,8
武进不锈,8
亿田智能,8
东睦股份,8
海德股份,8
通化东宝,8
左江科技,8
凯立新材,7
洪城环境,7
纽威数控,7
冠盛股份,7
雷电微力,7
天通股份,7
信德新材,7
运达股份,7
深桑达A,7
佩蒂股份,7
浙文互联,7
南网储能,7
浙能电力,7
赢合科技,7
嘉元科技,7
百亚股份,7
卓易信息,7
同力股份,7
飞凯材料,7
昊海生科,7
科威尔,7
舒泰神,7
法兰泰克,7
史丹利,7
科信技术,7
有研新材,7
广深铁路,7
捷成股份,7
路德环境,7
奥普特,7
捷邦科技,7
捷捷微电,7
禾川科技,7
招商公路,7
光库科技,7
义翘神州,7
中材国际,7
中国银河,7
美亚光电,7
海正生材,7
唯万密封,7
税友股份,7
朗特智能,7
华孚时尚,7
贵广网络,7
华策影视,7
长电科技,7
伟明环保,7
明志科技,7
深圳机场,7
岳阳兴长,7
博彦科技,7
唯捷创芯-U,7
雅创电子,7
长光华芯,7
宇通客车,7
首药控股-U,7
博迁新材,7
中核钛白,7
大族激光,7
垒知集团,7
泽璟制药-U,7
国药一致,7
紫燕食品,6
能科科技,6
凯普生物,6
中联重科,6
东珠生态,6
光迅科技,6
瑞华泰,6
新乳业,6
新北洋,6
醋化股份,6
吉林化纤,6
天益医疗,6
南山控股,6
农发种业,6
新巨丰,6
松霖科技,6
唯特偶,6
海新能科,6
炜冈科技,6
炬光科技,6
北摩高科,6
西部证券,6
苏博特,6
天健集团,6
龙源技术,6
莱伯泰科,6
芯海科技,6
杭叉集团,6
亚星锚链,6
重庆钢铁,6
山东钢铁,6
城建发展,6
胜宏科技,6
皮阿诺,6
耐科装备,6
宇新股份,6
同益中,6
瑞纳智能,6
中亦科技,6
盈康生命,6
新钢股份,6
华翔股份,6
沪农商行,6
中金公司,6
今天国际,6
蔚蓝生物,6
大东方,6
花园生物,6
厦钨新能,6
采纳股份,6
汇顶科技,6
紫建电子,6
世运电路,6
我乐家居,6
飞马国际,6
白云山,6
维峰电子,6
万泽股份,6
泰嘉股份,6
宁波韵升,6
金晶科技,6
牧高笛,6
雅戈尔,6
万业企业,6
申能股份,6
久远银海,6
金宏气体,6
华致酒行,6
奥瑞金,6
正元智慧,6
风语筑,6
八方股份,6
中船汉光,6
沪光股份,6
栖霞建设,6
山东出版,6
方正证券,6
海汽集团,6
乐鑫科技,6
中国稀土,6
新益昌,6
西部矿业,6
海普瑞,6
菱电电控,6
湘佳股份,6
光峰科技,6
宏景科技,6
航天电子,6
润和软件,6
巴比食品,6
乐惠国际,6
诺力股份,6
中宠股份,6
华康医疗,6
凯赛生物,6
威高骨科,6
东方生物,6
欧亚集团,6
恒邦股份,6
华中数控,6
皖新传媒,6
三钢闽光,5
豪悦护理,5
东富龙,5
永艺股份,5
华康股份,5
绿盟科技,5
徐工机械,5
宏达电子,5
贝斯特,5
格林达,5
盛德鑫泰,5
箭牌家居,5
海锅股份,5
张家港行,5
上海钢联,5
九芝堂,5
物产中大,5
永顺泰,5
福昕软件,5
平治信息,5
申通快递,5
中钢天源,5
博力威,5
锡业股份,5
山东路桥,5
盈趣科技,5
海象新材,5
中粮科工,5
罗博特科,5
方大特钢,5
孩子王,5
格力地产,5
晶方科技,5
恒源煤电,5
广和通,5
华大基因,5
掌趣科技,5
松井股份,5
太辰光,5
皖仪科技,5
凯格精机,5
京北方,5
丽江股份,5
宇瞳光学,5
祥生医疗,5
裕兴股份,5
江苏国泰,5
海兴电力,5
普门科技,5
吉林敖东,5
大洋电机,5
永辉超市,5
海创药业-U,5
诚益通,5
光华股份,5
众信旅游,5
常宝股份,5
思特威-W,5
中泰化学,5
艾德生物,5
上海梅林,5
中石科技,5
中来股份,5
蒙娜丽莎,5
邦基科技,5
彤程新材,5
珠海冠宇,5
南亚新材,5
大亚圣象,5
润达医疗,5
震裕科技,5
金城医药,5
铖昌科技,5
海天瑞声,5
海泰新能,5
霍莱沃,5
北信源,5
数字政通,5
三联虹普,5
新华文轩,5
共进股份,5
海利得,5
瑞鹄模具,5
中百集团,5
合肥百货,5
华天科技,5
华软科技,5
共达电声,5
长海股份,5
威海广泰,5
长江证券,5
海格通信,5
江中药业,5
科翔股份,4
安记食品,4
康希诺,4
华兴源创,4
鑫铂股份,4
万里扬,4
同飞股份,4
宁波远洋,4
奥士康,4
中南股份,4
盛帮股份,4
利亚德,4
上海机电,4
南京高科,4
永新光学,4
厦门国贸,4
确成股份,4
通达股份,4
翔宇医疗,4
旺能环境,4
中文传媒,4
苏农银行,4
深南电路,4
拓斯达,4
豪能股份,4
恒星科技,4
奥拓电子,4
金开新能,4
理工导航,4
太极实业,4
江苏有线,4
松原股份,4
和邦生物,4
仕佳光子,4
众源新材,4
通行宝,4
诚意药业,4
莱茵生物,4
瀚川智能,4
纳微科技,4
光韵达,4
电投能源,4
好莱客,4
富森美,4
风华高科,4
嵘泰股份,4
河钢资源,4
鲁泰A,4
金河生物,4
嘉曼服饰,4
外高桥,4
煜邦电力,4
艾力斯-U,4
泰坦股份,4
安克创新,4
传艺科技,4
嘉和美康,4
丸美股份,4
申菱环境,4
华斯股份,4
柳工,4
浦东建设,4
川发龙蟒,4
梅安森,4
联瑞新材,4
仲景食品,4
道森股份,4
广大特材,4
粤高速A,4
小商品城,4
海王生物,4
司太立,4
金冠股份,4
西王食品,4
新安股份,4
冀东水泥,4
利民股份,4
华帝股份,4
当虹科技,4
鼎信通讯,4
开滦股份,4
宝泰隆,4
赛微微电,4
华旺科技,4
克来机电,4
金辰股份,4
康冠科技,4
伟时电子,4
上海瀚讯,4
海能技术,4
航天信息,4
富煌钢构,4
航天晨光,4
立中集团,4
金能科技,4
昆船智能,4
水星家纺,4
永泰运,4
博敏电子,4
同惠电子,4
西部黄金,4
金徽酒,4
齐心集团,4
硅烷科技,4
易点天下,4
武商集团,4
森鹰窗业,4
方正电机,4
晶瑞电材,4
渝农商行,4
万得凯,4
煌上煌,4
长城证券,4
征和工业,4
诺思格,4
碧水源,4
品高股份,4
寒武纪-U,4
北元集团,4
东方铁塔,4
领益智造,4
紫江企业,4
京威股份,4
凯美特气,4
稳健医疗,4
歌华有线,4
鹿山新材,4
九阳股份,4
阳光城,4
长青股份,4
浙江美大,4
迅捷兴,4
江西铜业,4
军信股份,4
兴源环境,4
中山公用,4
新兴铸管,4
德龙激光,4
中国西电,4
元利科技,4
清源股份,4
浙数文化,3
上峰水泥,3
首钢股份,3
名臣健康,3
创耀科技,3
兴业科技,3
三特索道,3
全信股份,3
塔牌集团,3
广电计量,3
迪普科技,3
东航物流,3
双环科技,3
天佑德酒,3
天融信,3
越秀资本,3
苏文电能,3
上海电影,3
日辰股份,3
莱宝高科,3
中国医药,3
信达地产,3
电科数字,3
华亚智能,3
菲菱科思,3
天宇股份,3
宇晶股份,3
传化智联,3
沃尔核材,3
视觉中国,3
海兰信,3
软通动力,3
华兰疫苗,3
福成股份,3
欢瑞世纪,3
奥美医疗,3
晶丰明源,3
烽火通信,3
可孚医疗,3
杰普特,3
华天酒店,3
宝通科技,3
迈得医疗,3
迈威生物-U,3
拓尔思,3
赛恩斯,3
君正集团,3
长缆科技,3
格尔软件,3
岭南控股,3
浩洋股份,3
黔源电力,3
长阳科技,3
银座股份,3
特锐德,3
华宝股份,3
埃夫特-U,3
骆驼股份,3
贝斯美,3
海翔药业,3
高凌信息,3
安徽建工,3
探路者,3
三峡旅游,3
海天精工,3
丛麟科技,3
百傲化学,3
佳发教育,3
国民技术,3
春秋电子,3
宝立食品,3
三祥新材,3
大中矿业,3
立新能源,3
倍轻松,3
长信科技,3
普天科技,3
佳士科技,3
华扬联众,3
百大集团,3
国信证券,3
华工科技,3
深圳能源,3
翔港科技,3
普元信息,3
长白山,3
荣信文化,3
沧州大化,3
国药股份,3
纵横股份,3
沧州明珠,3
天力锂能,3
国新文化,3
润泽科技,3
康弘药业,3
盖世食品,3
聆达股份,3
雷迪克,3
航天发展,3
卡倍亿,3
兰石重装,3
安彩高科,3
科华控股,3
贵航股份,3
广弘控股,3
三德科技,3
飞龙股份,3
德昌股份,3
众智科技,3
通宝能源,3
万孚生物,3
赞宇科技,3
康斯特,3
中触媒,3
出版传媒,3
天奥电子,3
黄河旋风,3
福元医药,3
合兴包装,3
翱捷科技-U,3
步步高,3
海宁皮城,2
天风证券,2
云中马,2
奥普家居,2
读者传媒,2
天津港,2
厦门银行,2
五洲特纸,2
银邦股份,2
江苏吴中,2
广州发展,2
诺唯赞,2
仙坛股份,2
东宝生物,2
横店影视,2
慧博云通,2
明德生物,2
法本信息,2
清新环境,2
大悦城,2
龙韵股份,2
新中港,2
万胜智能,2
天目湖,2
京基智农,2
长远锂科,2
南京证券,2
汉缆股份,2
再升科技,2
建科股份,2
国网英大,2
安博通,2
新国都,2
新兴装备,2
天元宠物,2
桂林三金,2
长江传媒,2
天邑股份,2
新世界,2
英集芯,2
万达信息,2
三江购物,2
华邦健康,2
软控股份,2
中铁工业,2
惠城环保,2
蔚蓝锂芯,2
威博液压,2
万东医疗,2
青山纸业,2
九强生物,2
马钢股份,2
捷昌驱动,2
时代出版,2
鸿日达,2
大丰实业,2
神马股份,2
宁夏建材,2
中央商场,2
振华新材,2
山鹰国际,2
慈文传媒,2
万通发展,2
渤海租赁,2
华数传媒,2
东兴证券,2
尖峰集团,2
中化岩土,2
盐田港,2
鼎捷软件,2
神工股份,2
浙商中拓,2
奥飞娱乐,2
浙江交科,2
永新股份,2
冠农股份,2
长亮科技,2
航亚科技,2
科思科技,2
科美诊断,2
陕西建工,2
申昊科技,2
阳谷华泰,2
和达科技,2
江化微,2
浙江自然,2
万兴科技,2
安德利,2
伟创电气,2
和顺石油,2
上海亚虹,2
鲁银投资,2
苏利股份,2
设计总院,2
莱克电气,2
景业智能,2
慈星股份,2
艾布鲁,2
久日新材,2
美利云,2
康辰药业,2
众兴菌业,2
浙江东日,2
九华旅游,2
皖天然气,2
节能国祯,2
汉仪股份,2
先河环保,2
东方精工,2
伟思医疗,2
中信重工,2
九鼎投资,2
大富科技,2
福建高速,2
崇达技术,2
鸿泉物联,2
晋拓股份,2
龙建股份,2
深振业A,2
华正新材,2
宝鼎科技,2
艾迪精密,2
威派格,2
阿拉丁,2
八一钢铁,2
梦百合,2
齐翔腾达,2
苏盐井神,2
北汽蓝谷,2
长虹华意,2
瑞晨环保,2
英飞特,2
海欣股份,2
瑞达期货,2
西麦食品,2
光华科技,2
中国出版,2
电广传媒,2
本钢板材,2
上海电气,2
和辉光电-U,2
爱克股份,2
青松股份,2
华金资本,2
圣湘生物,2
保利联合,2
宝利国际,2
五方光电,2
怡球资源,2
华光环能,2
爱慕股份,2
中原传媒,2
中国卫星,2
锦龙股份,2
中金岭南,2
亿晶光电,2
新媒股份,2
卓越新能,2
智光电气,2
冰轮环境,2
云南锗业,2
焦作万方,2
道道全,2
京山轻机,2
中银证券,2
诺德股份,2
中钢洛耐,2
山西焦化,2
赢时胜,2
美亚柏科,2
富春染织,2
东瑞股份,2
江苏新能,2
威唐工业,2
星辉娱乐,2
宏辉果蔬,2
万盛股份,2
四创电子,2
上海石化,2
达安基因,2
汉得信息,2
新开源,2
科大智能,2
集智股份,2
智莱科技,2
中色股份,2
壶化股份,2
仁和药业,2
双飞股份,2
美瑞新材,2
西藏城投,2
豪美新材,2
亚光科技,2
红旗连锁,2
岳阳林纸,2
嘉化能源,2
圣阳股份,2
锡装股份,2
概伦电子,2
上海能源,2
科力远,2
锦和商管,2
绿田机械,2
美邦服饰,2
华盛昌,2
白银有色,2
鲁抗医药,2
光电股份,2
奇正藏药,2
奥海科技,2
大业股份,2
中粮资本,2
南纺股份,2
盈峰环境,2
张裕A,2
三生国健,2
中信出版,2
依顿电子,2
开润股份,2
亿帆医药,2
游族网络,2
火星人,2
五洲新春,2
沃格光电,2
万顺新材,2
深圳瑞捷,2
西部创业,2
楚江新材,2
统联精密,2
春光科技,2
晓鸣股份,2
秦川机床,2
和林微纳,2
海源复材,2
承德露露,2
弘亚数控,2
力盛体育,2
雅运股份,2
龙高股份,2
北矿科技,2
森萱医药,2
百洋股份,2
三变科技,2
西安旅游,2
地素时尚,2
爱婴室,2
徐家汇,2
康普化学,2
吉冈精密,2
科达自控,2
望变电气,2
国航远洋,2
苏轴股份,2
易德龙,2
奥迪威,2
创远信科,2
有方科技,2
天准科技,2
华宏科技,2
焦点科技,2
维海德,2
欧陆通,2
八亿时空,2
森霸传感,2
永福股份,2
扬电科技,2
振华重工,2
顺网科技,2
海利生物,2
潜能恒信,2
雪榕生物,2
时代新材,2
天迈科技,2
博瑞传播,2
新天药业,2
四方科技,2
高伟达,2
万向德农,2
丝路视觉,2
中交地产,2
江铃汽车,2
深圳燃气,2
矩阵股份,2
三鑫医疗,2
久吾高科,2
纬德信息,2
泰晶科技,2
海南橡胶,2
濮耐股份,2
罗莱生活,2
国检集团,2
东北证券,2
安道麦A,2
均普智能,2
丰山集团,2
珠城科技,2
豫园股份,2
睿智医药,2
京源环保,2
荣安地产,2
贵绳股份,2
浩通科技,2
兴业股份,2
蓝帆医疗,2
桂林旅游,2
云南旅游,2
蓝思科技,2
泽宇智能,2
晨曦航空,2
思进智能,2
国联水产,2
浙江新能,2
欣锐科技,2
诺泰生物,2
金融街,2
百普赛斯,2
天娱数科,2
苏美达,2
万向钱潮,2
大商股份,2
巨一科技,2
兴蓉环境,2
金麒麟,2
聚飞光电,2
汇金股份,2
华宇软件,2
清溢光电,2
福蓉科技,2
翔丰华,2
国光股份,2
兆驰股份,2
蓝光发展,2
山高环能,2
一汽富维,2
东土科技,2
光大嘉宝,2
城投控股,2
豪鹏科技,2
中国动力,2
英诺激光,2
百合花,2
汉威科技,2
佳都科技,2
三友化工,2
ST龙净,2
全志科技,2
神农集团,2
星华新材,2
海融科技,2
安迪苏,2
浦东金桥,2
上海新阳,1
彩虹股份,1
上纬新材,1
特发信息,1
一拖股份,1
鄂尔多斯,1
元琛科技,1
三角轮胎,1
建投能源,1
贵州三力,1
东星医疗,1
鞍钢股份,1
南威软件,1
万马科技,1
九丰能源,1
张江高科,1
华依科技,1
华绿生物,1
万辰生物,1
国盛智科,1
家联科技,1
蓝盾光电,1
五矿资本,1
菜百股份,1
赛伦生物,1
新光光电,1
永太科技,1
财富趋势,1
龙软科技,1
浙版传媒,1
浙江正特,1
奥福环保,1
侨源股份,1
中泰证券,1
海波重科,1
昇辉科技,1
厚普股份,1
京城股份,1
越剑智能,1
智微智能,1
华信新材,1
无锡银行,1
奥佳华,1
华纳药厂,1
山大地纬,1
姚记科技,1
新元科技,1
万通智控,1
优利德,1
星辉环材,1
西部建设,1
卓创资讯,1
宝兰德,1
宏力达,1
永贵电器,1
永安期货,1
瑞泰新材,1
逸豪新材,1
同济科技,1
日科化学,1
昇兴股份,1
山东赫达,1
亿华通-U,1
博瑞医药,1
金迪克,1
斯瑞新材,1
新天地,1
森马服饰,1
中自科技,1
维科技术,1
节能风电,1
宣亚国际,1
沙钢股份,1
任子行,1
石化油服,1
徕木股份,1
青木股份,1
凡拓数创,1
中汽股份,1
华特气体,1
美能能源,1
招标股份,1
广博股份,1
国投资本,1
山石网科,1
雷柏科技,1
金溢科技,1
佳沃食品,1
金现代,1
金百泽,1
格灵深瞳-U,1
民德电子,1
汇创达,1
京能电力,1
中集集团,1
东华软件,1
元道通信,1
东华能源,1
春立医疗,1
洪汇新材,1
中文在线,1
智立方,1
东北制药,1
维尔利,1
开创国际,1
品茗科技,1
北巴传媒,1
上工申贝,1
建研院,1
开山股份,1
康普顿,1
惠泉啤酒,1
宇环数控,1
漱玉平民,1
鼎泰高科,1
广誉远,1
埃斯顿,1
秦港股份,1
特一药业,1
华力创通,1
阿石创,1
华研精机,1
富淼科技,1
西藏药业,1
青达环保,1
药康生物,1
湘财股份,1
中远海发,1
智洋创新,1
华峰化学,1
建发合诚,1
亚香股份,1
博汇股份,1
轻纺城,1
星云股份,1
华创阳安,1
胜利精密,1
苏交科,1
博众精工,1
泉峰汽车,1
振东制药,1
先惠技术,1
金田股份,1
新天绿能,1
硕世生物,1
远东股份,1
浙江恒威,1
星网宇达,1
华联股份,1
宏达高科,1
骏创科技,1
国缆检测,1
莱特光电,1
东尼电子,1
振邦智能,1
科润智控,1
新芝生物,1
瑞泰科技,1
科新机电,1
万和电气,1
天成自控,1
声光电科,1
格科微,1
盛剑环境,1
蓝黛科技,1
红相股份,1
亚玛顿,1
大豪科技,1
航发科技,1
凌志软件,1
恒丰纸业,1
麦趣尔,1
山东海化,1
鼎际得,1
国机精工,1
虹软科技,1
华岭股份,1
东鹏控股,1
元隆雅图,1
海南高速,1
三六五网,1
威尔药业,1
华阳国际,1
平高电气,1
顺博合金,1
钒钛股份,1
天茂集团,1
江航装备,1
好想你,1
安奈儿,1
新日股份,1
雄帝科技,1
悦安新材,1
迈克生物,1
振江股份,1
映翰通,1
航锦科技,1
华民股份,1
得邦照明,1
天洋新材,1
直真科技,1
协创数据,1
城市传媒,1
协和电子,1
新炬网络,1
星源卓镁,1
